[
  {
    "_id": "IBM-BPM-TeamPerformance",
    "_type": "dashboard",
    "_source": {
      "title": "IBM BPM TeamPerformance",
      "hits": 0,
      "description": "",
      "panelsJSON": "[{\"col\":1,\"id\":\"IBM-Business-Process-Manager-Team-Performance-tab\",\"panelIndex\":1,\"row\":1,\"size_x\":12,\"size_y\":2,\"type\":\"visualization\"},{\"col\":1,\"id\":\"Task-by-Team-Trend\",\"panelIndex\":3,\"row\":5,\"size_x\":12,\"size_y\":2,\"type\":\"visualization\"},{\"col\":1,\"id\":\"Task-By-Team\",\"panelIndex\":4,\"row\":3,\"size_x\":4,\"size_y\":2,\"type\":\"visualization\"},{\"col\":5,\"id\":\"Average-Task-Duration-by-Team\",\"panelIndex\":5,\"row\":3,\"size_x\":8,\"size_y\":2,\"type\":\"visualization\"},{\"col\":1,\"id\":\"Task-Completed-by-Team-Trend\",\"panelIndex\":6,\"row\":7,\"size_x\":12,\"size_y\":2,\"type\":\"visualization\"},{\"id\":\"Team-performance\",\"type\":\"visualization\",\"panelIndex\":7,\"size_x\":12,\"size_y\":2,\"col\":1,\"row\":9}]",
      "optionsJSON": "{\"darkTheme\":false}",
      "uiStateJSON": "{}",
      "version": 1,
      "timeRestore": false,
      "kibanaSavedObjectMeta": {
        "searchSourceJSON": "{\"filter\":[{\"query\":{\"query_string\":{\"analyze_wildcard\":true,\"query\":\"*\"}}}]}"
      }
    }
  },
  {
    "_id": "IBM-BPM-KPI",
    "_type": "dashboard",
    "_source": {
      "title": "IBM BPM KPI",
      "hits": 0,
      "description": "",
      "panelsJSON": "[{\"col\":1,\"id\":\"IBM-Business-Process-Manager-KPI-tab\",\"panelIndex\":13,\"row\":1,\"size_x\":12,\"size_y\":2,\"type\":\"visualization\"}]",
      "optionsJSON": "{\"darkTheme\":false}",
      "uiStateJSON": "{}",
      "version": 1,
      "timeRestore": false,
      "kibanaSavedObjectMeta": {
        "searchSourceJSON": "{\"filter\":[{\"query\":{\"query_string\":{\"analyze_wildcard\":true,\"query\":\"*\"}}}]}"
      }
    }
  },
  {
    "_id": "IBM-BPM-Task",
    "_type": "dashboard",
    "_source": {
      "title": "IBM BPM Task",
      "hits": 0,
      "description": "",
      "panelsJSON": "[{\"col\":1,\"id\":\"Total-Task-Count\",\"panelIndex\":1,\"row\":3,\"size_x\":3,\"size_y\":2,\"type\":\"visualization\"},{\"col\":10,\"id\":\"Task-Instance-Count-by-Task-Name\",\"panelIndex\":3,\"row\":3,\"size_x\":3,\"size_y\":2,\"type\":\"visualization\"},{\"col\":1,\"id\":\"IBM-Process-Manager-Task-tab\",\"panelIndex\":13,\"row\":1,\"size_x\":12,\"size_y\":2,\"type\":\"visualization\"},{\"col\":4,\"id\":\"Task-by-BPM-System\",\"panelIndex\":14,\"row\":3,\"size_x\":6,\"size_y\":2,\"type\":\"visualization\"},{\"col\":1,\"id\":\"Average-Task-Running-Time\",\"panelIndex\":15,\"row\":5,\"size_x\":3,\"size_y\":2,\"type\":\"visualization\"},{\"col\":4,\"id\":\"Average-Activity-Duration-by-Activity\",\"panelIndex\":18,\"row\":5,\"size_x\":9,\"size_y\":2,\"type\":\"visualization\"},{\"col\":1,\"id\":\"Task-started-statistics\",\"panelIndex\":19,\"row\":7,\"size_x\":12,\"size_y\":2,\"type\":\"visualization\"},{\"id\":\"Task-completed-statistics\",\"type\":\"visualization\",\"panelIndex\":20,\"size_x\":12,\"size_y\":2,\"col\":1,\"row\":9}]",
      "optionsJSON": "{\"darkTheme\":false}",
      "uiStateJSON": "{\"P-18\":{\"vis\":{\"legendOpen\":false}}}",
      "version": 1,
      "timeRestore": false,
      "kibanaSavedObjectMeta": {
        "searchSourceJSON": "{\"filter\":[{\"query\":{\"query_string\":{\"analyze_wildcard\":true,\"query\":\"*\"}}}]}"
      }
    }
  },
  {
    "_id": "IBM-BPM-Process-Performance",
    "_type": "dashboard",
    "_source": {
      "title": "IBM BPM Process Performance",
      "hits": 0,
      "description": "",
      "panelsJSON": "[\n  {\n    \"col\": 1,\n    \"id\": \"IBM-Business-Process-Manager-Process-Performance-tab\",\n    \"panelIndex\": 1,\n    \"row\": 1,\n    \"size_x\": 12,\n    \"size_y\": 2,\n    \"type\": \"visualization\"\n  },\n  {\n    \"col\": 9,\n    \"id\": \"Process-Instance-by-Process-Name\",\n    \"panelIndex\": 6,\n    \"row\": 3,\n    \"size_x\": 4,\n    \"size_y\": 2,\n    \"type\": \"visualization\"\n  },\n  {\n    \"col\": 1,\n    \"id\": \"Average-Process-Running-Time\",\n    \"panelIndex\": 10,\n    \"row\": 5,\n    \"size_x\": 3,\n    \"size_y\": 2,\n    \"type\": \"visualization\"\n  },\n  {\n    \"col\": 4,\n    \"id\": \"Process-Instance-by-BPM-System\",\n    \"panelIndex\": 11,\n    \"row\": 3,\n    \"size_x\": 5,\n    \"size_y\": 2,\n    \"type\": \"visualization\"\n  },\n  {\n    \"col\": 1,\n    \"id\": \"Total-Process-Instance-Count\",\n    \"panelIndex\": 12,\n    \"row\": 3,\n    \"size_x\": 3,\n    \"size_y\": 2,\n    \"type\": \"visualization\"\n  },\n  {\n    \"col\": 1,\n    \"id\": \"Process-started-statistics-(timelion)\",\n    \"panelIndex\": 13,\n    \"row\": 7,\n    \"size_x\": 12,\n    \"size_y\": 2,\n    \"type\": \"visualization\"\n  },\n  {\n    \"id\": \"Average-Process-Time-by-process\",\n    \"type\": \"visualization\",\n    \"panelIndex\": 14,\n    \"size_x\": 9,\n    \"size_y\": 2,\n    \"col\": 4,\n    \"row\": 5\n  },\n  {\n    \"id\": \"Process-completed-statistics-(timelion)\",\n    \"type\": \"visualization\",\n    \"panelIndex\": 15,\n    \"size_x\": 12,\n    \"size_y\": 2,\n    \"col\": 1,\n    \"row\": 9\n  }\n]",
      "optionsJSON": "{\n  \"darkTheme\": false\n}",
      "uiStateJSON": "{\n  \"P-3\": {\n    \"vis\": {\n      \"legendOpen\": false\n    }\n  },\n  \"P-14\": {\n    \"spy\": {\n      \"mode\": {\n        \"name\": null,\n        \"fill\": false\n      }\n    },\n    \"vis\": {\n      \"legendOpen\": false\n    }\n  }\n}",
      "version": 1,
      "timeRestore": false,
      "kibanaSavedObjectMeta": {
        "searchSourceJSON": "{\n  \"filter\": [\n    {\n      \"query\": {\n        \"query_string\": {\n          \"analyze_wildcard\": true,\n          \"query\": \"*\"\n        }\n      }\n    }\n  ]\n}"
      }
    }
  },
  {
    "_id": "IBM-BPM-BusinessData",
    "_type": "dashboard",
    "_source": {
      "title": "IBM BPM BusinessData",
      "hits": 0,
      "description": "",
      "panelsJSON": "[{\"col\":1,\"id\":\"IBM-Business-Process-Manager-BusinessData-tab\",\"panelIndex\":6,\"row\":1,\"size_x\":12,\"size_y\":2,\"type\":\"visualization\"},{\"id\":\"Hiring-Request-by-Location\",\"type\":\"visualization\",\"panelIndex\":7,\"size_x\":5,\"size_y\":3,\"col\":1,\"row\":3},{\"id\":\"Approval-Rate\",\"type\":\"visualization\",\"panelIndex\":8,\"size_x\":5,\"size_y\":3,\"col\":6,\"row\":3},{\"id\":\"Hiring-Request-by-Department\",\"type\":\"visualization\",\"panelIndex\":9,\"size_x\":5,\"size_y\":3,\"col\":1,\"row\":6},{\"id\":\"Hiring-Request-by-Manager\",\"type\":\"visualization\",\"panelIndex\":10,\"size_x\":5,\"size_y\":3,\"col\":6,\"row\":6}]",
      "optionsJSON": "{\"darkTheme\":false}",
      "uiStateJSON": "{\"P-7\":{\"mapCenter\":[37.37015718405753,-98.59130859375]},\"P-10\":{\"vis\":{\"params\":{\"sort\":{\"columnIndex\":null,\"direction\":null}}}}}",
      "version": 1,
      "timeRestore": true,
      "timeTo": "now",
      "timeFrom": "now-15m",
      "refreshInterval": {
        "display": "Off",
        "pause": false,
        "value": 0
      },
      "kibanaSavedObjectMeta": {
        "searchSourceJSON": "{\"filter\":[{\"query\":{\"query_string\":{\"analyze_wildcard\":true,\"query\":\"*\"}}}]}"
      }
    }
  },
  {
    "_id": "ActivityEvent",
    "_type": "search",
    "_source": {
      "title": "ActivityEvent",
      "description": "IBM BPM",
      "hits": 0,
      "columns": [
        "kpiData.Wait Time (Clock).long",
        "kpiData.Total Time (Clock).long",
        "kpiData.Execution Time (Clock).long",
        "activityInstanceFullId",
        "activityName",
        "bpmCellName",
        "potentialPerformerName",
        "processApplicationName",
        "processApplicationSnapshotName",
        "startingProcessInstanceFullId",
        "taskInstanceId",
        "wleGroupName",
        "trackedField.GMApproval.boolean",
        "taskState",
        "kpiData.Labor Cost.double",
        "kpiData.Resource Cost.double",
        "kpiData.Rework.double",
        "potentialPerformerDocumentation",
        "taskClaimedTime",
        "taskCompletedTime",
        "taskStartTime",
        "taskTotalDuration",
        "trackedField.Department.string",
        "trackedField.EmploymentStatus.string",
        "trackedField.HiringManager.string",
        "trackedField.HiringNumber.long",
        "trackedField.Location.string",
        "kpiData.Cost.double",
        "activityType",
        "kpiData.Value Add.double"
      ],
      "sort": [
        "_score",
        "desc"
      ],
      "version": 1,
      "kibanaSavedObjectMeta": {
        "searchSourceJSON": "{\"index\":\"bpm-summary\",\"query\":{\"query_string\":{\"query\":\"_type:ActivityEvent\",\"analyze_wildcard\":true}},\"filter\":[],\"highlight\":{\"pre_tags\":[\"@kibana-highlighted-field@\"],\"post_tags\":[\"@/kibana-highlighted-field@\"],\"fields\":{\"*\":{}},\"require_field_match\":false,\"fragment_size\":2147483647}}"
      }
    }
  },
  {
    "_id": "BusinessData",
    "_type": "search",
    "_source": {
      "title": "BusinessData",
      "description": "IBM BPM",
      "hits": 0,
      "columns": [
        "_source"
      ],
      "sort": [
        "_score",
        "desc"
      ],
      "version": 1,
      "kibanaSavedObjectMeta": {
        "searchSourceJSON": "{\"index\":\"bpm-summary\",\"filter\":[],\"highlight\":{\"pre_tags\":[\"@kibana-highlighted-field@\"],\"post_tags\":[\"@/kibana-highlighted-field@\"],\"fields\":{\"*\":{}},\"require_field_match\":false,\"fragment_size\":2147483647},\"query\":{\"query_string\":{\"query\":\"_type:BusinessData\",\"analyze_wildcard\":true}}}"
      }
    }
  },
  {
    "_id": "ProcessSummary",
    "_type": "search",
    "_source": {
      "title": "ProcessSummary",
      "description": "IBM BPM",
      "hits": 0,
      "columns": [
        "bpmCellName",
        "processCompletedTime",
        "processInstanceId",
        "processName",
        "processStartTime",
        "processState",
        "processRunningTime",
        "processTotalDuration"
      ],
      "sort": [
        "processRunningTime",
        "desc"
      ],
      "version": 1,
      "kibanaSavedObjectMeta": {
        "searchSourceJSON": "{\"index\":\"bpm-summary\",\"query\":{\"query_string\":{\"analyze_wildcard\":true,\"query\":\"_type:ProcessSummary\"}},\"filter\":[],\"highlight\":{\"pre_tags\":[\"@kibana-highlighted-field@\"],\"post_tags\":[\"@/kibana-highlighted-field@\"],\"fields\":{\"*\":{}},\"require_field_match\":false,\"fragment_size\":2147483647}}"
      }
    }
  },
  {
    "_id": "ProcessEvent",
    "_type": "search",
    "_source": {
      "title": "ProcessEvent",
      "description": "IBM BPM",
      "hits": 0,
      "columns": [
        "kpiData.Wait Time (Clock).long",
        "kpiData.Total Time (Clock).long",
        "kpiData.Execution Time (Clock).long",
        "activityInstanceFullId",
        "activityName",
        "bpmCellName",
        "potentialPerformerName",
        "processApplicationName",
        "processApplicationSnapshotName",
        "startingProcessInstanceFullId",
        "taskInstanceId",
        "wleGroupName",
        "trackedField.GMApproval.boolean",
        "taskState",
        "kpiData.Labor Cost.double",
        "kpiData.Resource Cost.double",
        "kpiData.Rework.double",
        "potentialPerformerDocumentation",
        "taskClaimedTime",
        "taskCompletedTime",
        "taskStartTime",
        "taskTotalDuration",
        "trackedField.Department.string",
        "trackedField.EmploymentStatus.string",
        "trackedField.HiringManager.string",
        "trackedField.HiringNumber.long",
        "trackedField.Location.string",
        "kpiData.Cost.double",
        "activityType",
        "kpiData.Value Add.double"
      ],
      "sort": [
        "_score",
        "desc"
      ],
      "version": 1,
      "kibanaSavedObjectMeta": {
        "searchSourceJSON": "{\"index\":\"bpm-summary\",\"query\":{\"query_string\":{\"query\":\"_type:ProcessEvent\",\"analyze_wildcard\":true}},\"filter\":[],\"highlight\":{\"pre_tags\":[\"@kibana-highlighted-field@\"],\"post_tags\":[\"@/kibana-highlighted-field@\"],\"fields\":{\"*\":{}},\"require_field_match\":false,\"fragment_size\":2147483647}}"
      }
    }
  },
  {
    "_id": "UserTaskSummary",
    "_type": "search",
    "_source": {
      "title": "UserTaskSummary",
      "description": "IBM BPM",
      "hits": 0,
      "columns": [
        "kpiData.Wait Time (Clock).long",
        "kpiData.Total Time (Clock).long",
        "kpiData.Execution Time (Clock).long",
        "activityInstanceFullId",
        "activityName",
        "bpmCellName",
        "potentialPerformerName",
        "processApplicationName",
        "processApplicationSnapshotName",
        "startingProcessInstanceFullId",
        "taskInstanceId",
        "wleGroupName",
        "trackedField.GMApproval.boolean",
        "taskState",
        "kpiData.Labor Cost.double",
        "kpiData.Resource Cost.double",
        "kpiData.Rework.double",
        "potentialPerformerDocumentation",
        "taskClaimedTime",
        "taskCompletedTime",
        "taskStartTime",
        "taskTotalDuration",
        "trackedField.Department.string",
        "trackedField.EmploymentStatus.string",
        "trackedField.HiringManager.string",
        "trackedField.HiringNumber.long",
        "trackedField.Location.string",
        "kpiData.Cost.double",
        "activityType",
        "kpiData.Value Add.double"
      ],
      "sort": [
        "_score",
        "desc"
      ],
      "version": 1,
      "kibanaSavedObjectMeta": {
        "searchSourceJSON": "{\"index\":\"bpm-summary\",\"query\":{\"query_string\":{\"query\":\"_type:ActivitySummary AND activityType:userTask\",\"analyze_wildcard\":true}},\"filter\":[],\"highlight\":{\"pre_tags\":[\"@kibana-highlighted-field@\"],\"post_tags\":[\"@/kibana-highlighted-field@\"],\"fields\":{\"*\":{}},\"require_field_match\":false,\"fragment_size\":2147483647}}"
      }
    }
  },
  {
    "_id": "ActivitySummary",
    "_type": "search",
    "_source": {
      "title": "ActivitySummary",
      "description": "IBM BPM",
      "hits": 0,
      "columns": [
        "kpiData.Wait Time (Clock).long",
        "kpiData.Total Time (Clock).long",
        "kpiData.Execution Time (Clock).long",
        "activityInstanceFullId",
        "activityName",
        "bpmCellName",
        "potentialPerformerName",
        "processApplicationName",
        "processApplicationSnapshotName",
        "startingProcessInstanceFullId",
        "taskInstanceId",
        "wleGroupName",
        "trackedField.GMApproval.boolean",
        "taskState",
        "kpiData.Labor Cost.double",
        "kpiData.Resource Cost.double",
        "kpiData.Rework.double",
        "potentialPerformerDocumentation",
        "taskClaimedTime",
        "taskCompletedTime",
        "taskStartTime",
        "taskTotalDuration",
        "trackedField.Department.string",
        "trackedField.EmploymentStatus.string",
        "trackedField.HiringManager.string",
        "trackedField.HiringNumber.long",
        "trackedField.Location.string",
        "kpiData.Cost.double",
        "activityType",
        "kpiData.Value Add.double"
      ],
      "sort": [
        "_score",
        "desc"
      ],
      "version": 1,
      "kibanaSavedObjectMeta": {
        "searchSourceJSON": "{\"index\":\"bpm-summary\",\"query\":{\"query_string\":{\"query\":\"_type:ActivitySummary\",\"analyze_wildcard\":true}},\"filter\":[],\"highlight\":{\"pre_tags\":[\"@kibana-highlighted-field@\"],\"post_tags\":[\"@/kibana-highlighted-field@\"],\"fields\":{\"*\":{}},\"require_field_match\":false,\"fragment_size\":2147483647}}"
      }
    }
  },
  {
    "_id": "IBM-Business-Process-Manager-Process-Performance-tab",
    "_type": "visualization",
    "_source": {
      "title": "IBM Business Process Manager Process Performance",
      "visState": "{\"aggs\":[],\"listeners\":{},\"params\":{\"markdown\":\"## [**_Process Performance_**](#dashboard/IBM-BPM-Process-Performance) | [Task](#dashboard/IBM-BPM-Task) | [ Team Performance](#dashboard/IBM-BPM-TeamPerformance)| [KPI ](#dashboard/IBM-BPM-KPI)| [Business At a Glance](#dashboard/IBM-BPM-BusinessData)\\n\\nIBM BPM Analytics | Version: 8.6.0.0 | Build Level: 20170911_48\"},\"title\":\"IBM Business Process Manager Process Performance\",\"type\":\"markdown\"}",
      "uiStateJSON": "{}",
      "description": "",
      "version": 1,
      "kibanaSavedObjectMeta": {
        "searchSourceJSON": "{\"query\":{\"query_string\":{\"analyze_wildcard\":true,\"query\":\"*\"}},\"filter\":[]}"
      }
    }
  },
  {
    "_id": "Process-completed-statistics-(timelion)",
    "_type": "visualization",
    "_source": {
      "title": "Process completed statistics",
      "visState": "{\"title\":\"Process completed statistics\",\"type\":\"timelion\",\"params\":{\"expression\":\".es(split=bpmCellName.keyword:5,timefield=processCompletedTime,index=bpm-summary,q=\\\"_type:ProcessSummary\\\").bars(10).label(regex='.*keyword:(.*)\\\\> count',label='$1 completed').legend(ne)\",\"interval\":\"auto\"},\"aggs\":[],\"listeners\":{}}",
      "uiStateJSON": "{}",
      "description": "IBM BPM",
      "version": 1,
      "kibanaSavedObjectMeta": {
        "searchSourceJSON": "{\"query\":{\"query_string\":{\"analyze_wildcard\":true,\"query\":\"*\"}},\"filter\":[]}"
      }
    }
  },
  {
    "_id": "IBM-Business-Process-Manager-BusinessData-tab",
    "_type": "visualization",
    "_source": {
      "title": "IBM Business Process Manager BusinessData",
      "visState": "{\"title\":\"IBM Business Process Manager BusinessData\",\"type\":\"markdown\",\"params\":{\"markdown\":\"## [Process Performance](#dashboard/IBM-BPM-Process-Performance) | [Task](#dashboard/IBM-BPM-Task) | [ Team Performance](#dashboard/IBM-BPM-TeamPerformance)| [KPI ](#dashboard/IBM-BPM-KPI)| [**_Business At a Glance_**](#dashboard/IBM-BPM-BusinessData)\\n\\nIBM BPM Analytics | Version: 8.6.0.0 | Build Level: 20170911_48\"},\"aggs\":[],\"listeners\":{}}",
      "uiStateJSON": "{}",
      "description": "",
      "version": 1,
      "kibanaSavedObjectMeta": {
        "searchSourceJSON": "{\"query\":{\"query_string\":{\"analyze_wildcard\":true,\"query\":\"*\"}},\"filter\":[]}"
      }
    }
  },
  {
    "_id": "IBM-Process-Manager-Task-tab",
    "_type": "visualization",
    "_source": {
      "title": "IBM Process Manager Task",
      "visState": "{\"aggs\":[],\"listeners\":{},\"params\":{\"markdown\":\"## [Process Performance](#dashboard/IBM-BPM-Process-Performance) | [**_Task_**](#dashboard/IBM-BPM-Task) | [ Team Performance](#dashboard/IBM-BPM-TeamPerformance)| [KPI ](#dashboard/IBM-BPM-KPI)| [Business At a Glance](#dashboard/IBM-BPM-BusinessData)\\n\\nIBM BPM Analytics | Version: 8.6.0.0 | Build Level: 20170911_48\"},\"title\":\"IBM Process Manager Task\",\"type\":\"markdown\"}",
      "uiStateJSON": "{}",
      "description": "",
      "version": 1,
      "kibanaSavedObjectMeta": {
        "searchSourceJSON": "{\"query\":{\"query_string\":{\"analyze_wildcard\":true,\"query\":\"*\"}},\"filter\":[]}"
      }
    }
  },
  {
    "_id": "Task-started-statistics",
    "_type": "visualization",
    "_source": {
      "title": "Task started statistics",
      "visState": "{\"title\":\"Task started statistics\",\"type\":\"timelion\",\"params\":{\"expression\":\".es(split=bpmCellName.keyword:5,timefield=taskStartTime,index=bpm-summary,q=\\\"_type:ActivitySummary AND activityType:userTask\\\").bars().label(regex='.*keyword:(.*)\\\\> count',label='$1 started').legend(ne)\",\"interval\":\"auto\"},\"aggs\":[],\"listeners\":{}}",
      "uiStateJSON": "{}",
      "description": "IBM BPM",
      "version": 1,
      "kibanaSavedObjectMeta": {
        "searchSourceJSON": "{\"query\":{\"query_string\":{\"query\":\"*\",\"analyze_wildcard\":true}},\"filter\":[]}"
      }
    }
  },
  {
    "_id": "Task-by-Team-Trend",
    "_type": "visualization",
    "_source": {
      "title": "Task Assign To Team Trend",
      "visState": "{\"type\":\"timelion\",\"title\":\"Task Assign To Team Trend\",\"params\":{\"expression\":\".es(split=potentialPerformerName.keyword:5,timefield=taskStartTime,index=bpm-summary,q=\\\"_type:ActivitySummary AND activityType:userTask\\\").bars(13).label(regex='.*keyword:(.*)\\\\> count',label='$1').legend(ne)\",\"interval\":\"auto\"}}",
      "uiStateJSON": "{}",
      "description": "IBM BPM",
      "version": 1,
      "kibanaSavedObjectMeta": {
        "searchSourceJSON": "{}"
      }
    }
  },
  {
    "_id": "IBM-Business-Process-Manager-KPI-tab",
    "_type": "visualization",
    "_source": {
      "title": "IBM Business Process Manager KPI",
      "visState": "{\"title\":\"IBM Business Process Manager KPI\",\"type\":\"markdown\",\"params\":{\"markdown\":\"## [Process Performance](#dashboard/IBM-BPM-Process-Performance) | [Task](#dashboard/IBM-BPM-Task) | [ Team Performance](#dashboard/IBM-BPM-TeamPerformance)| [**_KPI_** ](#dashboard/IBM-BPM-KPI)| [Business At a Glance](#dashboard/IBM-BPM-BusinessData)\\n\\nIBM BPM Analytics | Version: 8.6.0.0 | Build Level: 20170911_48\"},\"aggs\":[],\"listeners\":{}}",
      "uiStateJSON": "{}",
      "description": "",
      "version": 1,
      "kibanaSavedObjectMeta": {
        "searchSourceJSON": "{\"query\":{\"query_string\":{\"analyze_wildcard\":true,\"query\":\"*\"}},\"filter\":[]}"
      }
    }
  },
  {
    "_id": "Process-started-statistics-(timelion)",
    "_type": "visualization",
    "_source": {
      "title": "Process started statistics",
      "visState": "{\"title\":\"Process started statistics\",\"type\":\"timelion\",\"params\":{\"expression\":\".es(split=bpmCellName.keyword:5,timefield=processStartTime,index=bpm-summary,q=\\\"_type:ProcessSummary\\\").bars(13).label(regex='.*keyword:(.*)\\\\> count',label='$1 started').legend(ne)\",\"interval\":\"auto\"},\"aggs\":[],\"listeners\":{}}",
      "uiStateJSON": "{}",
      "description": "IBM BPM",
      "version": 1,
      "kibanaSavedObjectMeta": {
        "searchSourceJSON": "{\"query\":{\"query_string\":{\"analyze_wildcard\":true,\"query\":\"*\"}},\"filter\":[]}"
      }
    }
  },
  {
    "_id": "Team-performance",
    "_type": "visualization",
    "_source": {
      "title": "Average Duration Trend by Team",
      "visState": "{\"title\":\"Average Duration Trend by Team\",\"type\":\"timelion\",\"params\":{\"expression\":\".es(split=potentialPerformerName.keyword:5,timefield=taskCompletedTime,metric=avg:activityTotalDuration,index=bpm-summary,q=\\\"_type:ActivitySummary AND activityType:userTask\\\").lines().label(regex='.*keyword:(.*)\\\\> avg.*',label='$1').legend(ne)\",\"interval\":\"auto\"},\"aggs\":[],\"listeners\":{}}",
      "uiStateJSON": "{}",
      "description": "IBM BPM",
      "version": 1,
      "kibanaSavedObjectMeta": {
        "searchSourceJSON": "{\"query\":{\"query_string\":{\"analyze_wildcard\":true,\"query\":\"*\"}},\"filter\":[]}"
      }
    }
  },
  {
    "_id": "IBM-Business-Process-Manager-Team-Performance-tab",
    "_type": "visualization",
    "_source": {
      "title": "IBM Business Process Manager Team Performance",
      "visState": "{\"title\":\"IBM Business Process Manager Team Performance\",\"type\":\"markdown\",\"params\":{\"markdown\":\"## [Process Performance](#dashboard/IBM-BPM-Process-Performance) | [Task](#dashboard/IBM-BPM-Task) | [ **_Team Performance_**](#dashboard/IBM-BPM-TeamPerformance)| [KPI ](#dashboard/IBM-BPM-KPI)| [Business At a Glance](#dashboard/IBM-BPM-BusinessData)\\n\\nIBM BPM Analytics | Version: 8.6.0.0 | Build Level: 20170911_48\"},\"aggs\":[],\"listeners\":{}}",
      "uiStateJSON": "{}",
      "description": "",
      "version": 1,
      "kibanaSavedObjectMeta": {
        "searchSourceJSON": "{\"query\":{\"query_string\":{\"analyze_wildcard\":true,\"query\":\"*\"}},\"filter\":[]}"
      }
    }
  },
  {
    "_id": "Task-completed-statistics",
    "_type": "visualization",
    "_source": {
      "title": "Task completed statistics",
      "visState": "{\"title\":\"Task completed statistics\",\"type\":\"timelion\",\"params\":{\"expression\":\".es(split=bpmCellName.keyword:5,timefield=taskCompletedTime,index=bpm-summary,q=\\\"_type:ActivitySummary AND activityType:userTask\\\").bars().label(regex='.*keyword:(.*)\\\\> count',label='$1 completed').legend(ne)\",\"interval\":\"auto\"},\"aggs\":[],\"listeners\":{}}",
      "uiStateJSON": "{}",
      "description": "IBM BPM",
      "version": 1,
      "kibanaSavedObjectMeta": {
        "searchSourceJSON": "{\"query\":{\"query_string\":{\"query\":\"*\",\"analyze_wildcard\":true}},\"filter\":[]}"
      }
    }
  },
  {
    "_id": "Task-Completed-by-Team-Trend",
    "_type": "visualization",
    "_source": {
      "title": "Task Completed by Team Trend",
      "visState": "{\"type\":\"timelion\",\"title\":\"Task Completed by Team Trend\",\"params\":{\"expression\":\".es(split=potentialPerformerName.keyword:5,timefield=taskCompletedTime,index=bpm-summary,q=\\\"_type:ActivitySummary AND activityType:userTask\\\").bars(width=10).label(regex='.*keyword:(.*)\\\\> count',label='$1').legend(ne)\",\"interval\":\"auto\"}}",
      "uiStateJSON": "{}",
      "description": "IBM BPM",
      "version": 1,
      "kibanaSavedObjectMeta": {
        "searchSourceJSON": "{}"
      }
    }
  },
  {
    "_id": "Total-Task-Count",
    "_type": "visualization",
    "_source": {
      "title": "Total Task Count",
      "visState": "{\"aggs\":[{\"enabled\":true,\"id\":\"1\",\"params\":{},\"schema\":\"metric\",\"type\":\"count\"}],\"listeners\":{},\"params\":{\"fontSize\":60,\"handleNoResults\":true},\"title\":\"Total Task Count\",\"type\":\"metric\"}",
      "uiStateJSON": "{}",
      "description": "IBM BPM",
      "savedSearchId": "UserTaskSummary",
      "version": 1,
      "kibanaSavedObjectMeta": {
        "searchSourceJSON": "{\"filter\":[]}"
      }
    }
  },
  {
    "_id": "Average-Process-Running-Time",
    "_type": "visualization",
    "_source": {
      "title": "Average Process Running Time",
      "visState": "{\"title\":\"Average Process Running Time\",\"type\":\"metric\",\"params\":{\"fontSize\":60,\"handleNoResults\":true},\"aggs\":[{\"id\":\"1\",\"enabled\":true,\"type\":\"avg\",\"schema\":\"metric\",\"params\":{\"field\":\"processTotalDuration\",\"customLabel\":\"mins\"}}],\"listeners\":{}}",
      "uiStateJSON": "{}",
      "description": "IBM BPM",
      "savedSearchId": "ProcessSummary",
      "version": 1,
      "kibanaSavedObjectMeta": {
        "searchSourceJSON": "{\"filter\":[]}"
      }
    }
  },
  {
    "_id": "Average-Task-Running-Time",
    "_type": "visualization",
    "_source": {
      "title": "Average Task Running Time",
      "visState": "{\"aggs\":[{\"enabled\":true,\"id\":\"1\",\"params\":{\"customLabel\":\"mins\",\"field\":\"activityTotalDuration\"},\"schema\":\"metric\",\"type\":\"avg\"}],\"listeners\":{},\"params\":{\"fontSize\":60,\"handleNoResults\":true},\"title\":\"Average Task Running Time\",\"type\":\"metric\"}",
      "uiStateJSON": "{}",
      "description": "IBM BPM",
      "savedSearchId": "UserTaskSummary",
      "version": 1,
      "kibanaSavedObjectMeta": {
        "searchSourceJSON": "{\"filter\":[]}"
      }
    }
  },
  {
    "_id": "Average-Activity-Duration-by-Activity",
    "_type": "visualization",
    "_source": {
      "title": "Average Duration by Use Task",
      "visState": "{\"title\":\"Average Duration by Use Task\",\"type\":\"histogram\",\"params\":{\"shareYAxis\":true,\"addTooltip\":true,\"addLegend\":true,\"legendPosition\":\"right\",\"scale\":\"linear\",\"mode\":\"stacked\",\"times\":[],\"addTimeMarker\":false,\"defaultYExtents\":false,\"setYExtents\":false,\"yAxis\":{}},\"aggs\":[{\"id\":\"1\",\"enabled\":true,\"type\":\"avg\",\"schema\":\"metric\",\"params\":{\"field\":\"activityTotalDuration\",\"customLabel\":\"Average Activity Duration\"}},{\"id\":\"2\",\"enabled\":true,\"type\":\"terms\",\"schema\":\"segment\",\"params\":{\"field\":\"activityName.keyword\",\"size\":5,\"order\":\"desc\",\"orderBy\":\"1\",\"customLabel\":\"Activity Name\"}}],\"listeners\":{}}",
      "uiStateJSON": "{}",
      "description": "IBM BPM",
      "savedSearchId": "UserTaskSummary",
      "version": 1,
      "kibanaSavedObjectMeta": {
        "searchSourceJSON": "{\"filter\":[]}"
      }
    }
  },
  {
    "_id": "Process-Instance-by-Process-Name",
    "_type": "visualization",
    "_source": {
      "title": "Process Instance by Process Name",
      "visState": "{\"title\":\"Process Instance by Process Name\",\"type\":\"pie\",\"params\":{\"shareYAxis\":true,\"addTooltip\":true,\"addLegend\":true,\"legendPosition\":\"right\",\"isDonut\":false},\"aggs\":[{\"id\":\"1\",\"enabled\":true,\"type\":\"count\",\"schema\":\"metric\",\"params\":{}},{\"id\":\"2\",\"enabled\":true,\"type\":\"terms\",\"schema\":\"segment\",\"params\":{\"field\":\"processName.keyword\",\"size\":5,\"order\":\"desc\",\"orderBy\":\"1\"}}],\"listeners\":{}}",
      "uiStateJSON": "{}",
      "description": "IBM BPM",
      "savedSearchId": "ProcessSummary",
      "version": 1,
      "kibanaSavedObjectMeta": {
        "searchSourceJSON": "{\"filter\":[]}"
      }
    }
  },
  {
    "_id": "Task-Instance-Count-by-Task-Name",
    "_type": "visualization",
    "_source": {
      "title": "Task Instance Count by Task Name",
      "visState": "{\"title\":\"Task Instance Count by Task Name\",\"type\":\"pie\",\"params\":{\"shareYAxis\":true,\"addTooltip\":true,\"addLegend\":true,\"legendPosition\":\"right\",\"isDonut\":false},\"aggs\":[{\"id\":\"1\",\"enabled\":true,\"type\":\"count\",\"schema\":\"metric\",\"params\":{}},{\"id\":\"2\",\"enabled\":true,\"type\":\"terms\",\"schema\":\"segment\",\"params\":{\"field\":\"activityName.keyword\",\"size\":5,\"order\":\"desc\",\"orderBy\":\"1\"}}],\"listeners\":{}}",
      "uiStateJSON": "{}",
      "description": "IBM BPM",
      "savedSearchId": "UserTaskSummary",
      "version": 1,
      "kibanaSavedObjectMeta": {
        "searchSourceJSON": "{\"filter\":[]}"
      }
    }
  },
  {
    "_id": "Average-Process-Time-by-process",
    "_type": "visualization",
    "_source": {
      "title": "Average Process Time by process",
      "visState": "{\"title\":\"Average Process Time by process\",\"type\":\"histogram\",\"params\":{\"shareYAxis\":true,\"addTooltip\":true,\"addLegend\":true,\"legendPosition\":\"right\",\"scale\":\"linear\",\"mode\":\"stacked\",\"times\":[],\"addTimeMarker\":false,\"defaultYExtents\":false,\"setYExtents\":false,\"yAxis\":{}},\"aggs\":[{\"id\":\"1\",\"enabled\":true,\"type\":\"avg\",\"schema\":\"metric\",\"params\":{\"field\":\"processTotalDuration\",\"customLabel\":\"Avereage Process Duration\"}},{\"id\":\"2\",\"enabled\":true,\"type\":\"terms\",\"schema\":\"segment\",\"params\":{\"field\":\"processName.keyword\",\"size\":5,\"order\":\"desc\",\"orderBy\":\"1\",\"customLabel\":\"Process\"}}],\"listeners\":{}}",
      "uiStateJSON": "{}",
      "description": "IBM BPM",
      "savedSearchId": "ProcessSummary",
      "version": 1,
      "kibanaSavedObjectMeta": {
        "searchSourceJSON": "{\"filter\":[]}"
      }
    }
  },
  {
    "_id": "Task-By-Team",
    "_type": "visualization",
    "_source": {
      "title": "Task By Team",
      "visState": "{\"title\":\"Task By Team\",\"type\":\"pie\",\"params\":{\"shareYAxis\":true,\"addTooltip\":true,\"addLegend\":true,\"legendPosition\":\"right\",\"isDonut\":false},\"aggs\":[{\"id\":\"1\",\"enabled\":true,\"type\":\"count\",\"schema\":\"metric\",\"params\":{}},{\"id\":\"2\",\"enabled\":true,\"type\":\"terms\",\"schema\":\"segment\",\"params\":{\"field\":\"potentialPerformerName.keyword\",\"size\":5,\"order\":\"desc\",\"orderBy\":\"1\",\"customLabel\":\"team\"}},{\"id\":\"3\",\"enabled\":true,\"type\":\"terms\",\"schema\":\"segment\",\"params\":{\"field\":\"performerName.keyword\",\"size\":5,\"order\":\"desc\",\"orderBy\":\"1\"}}],\"listeners\":{}}",
      "uiStateJSON": "{}",
      "description": "IBM BPM",
      "savedSearchId": "UserTaskSummary",
      "version": 1,
      "kibanaSavedObjectMeta": {
        "searchSourceJSON": "{\"filter\":[]}"
      }
    }
  },
  {
    "_id": "Total-Process-Instance-Count",
    "_type": "visualization",
    "_source": {
      "title": "Total Process Instance Count",
      "visState": "{\"aggs\":[{\"enabled\":true,\"id\":\"1\",\"params\":{},\"schema\":\"metric\",\"type\":\"count\"}],\"listeners\":{},\"params\":{\"fontSize\":60,\"handleNoResults\":true},\"title\":\"Total Process Instance Count\",\"type\":\"metric\"}",
      "uiStateJSON": "{}",
      "description": "IBM BPM",
      "savedSearchId": "ProcessSummary",
      "version": 1,
      "kibanaSavedObjectMeta": {
        "searchSourceJSON": "{\"filter\":[]}"
      }
    }
  },
  {
    "_id": "Average-Task-Duration-by-Team",
    "_type": "visualization",
    "_source": {
      "title": "Average Task Duration by Team",
      "visState": "{\"title\":\"Average Task Duration by Team\",\"type\":\"histogram\",\"params\":{\"shareYAxis\":true,\"addTooltip\":true,\"addLegend\":true,\"legendPosition\":\"right\",\"scale\":\"linear\",\"mode\":\"grouped\",\"times\":[],\"addTimeMarker\":false,\"defaultYExtents\":false,\"setYExtents\":false,\"yAxis\":{}},\"aggs\":[{\"id\":\"1\",\"enabled\":true,\"type\":\"avg\",\"schema\":\"metric\",\"params\":{\"field\":\"activityTotalDuration\",\"customLabel\":\"Average Task Duration\"}},{\"id\":\"2\",\"enabled\":true,\"type\":\"terms\",\"schema\":\"segment\",\"params\":{\"field\":\"potentialPerformerName.keyword\",\"size\":5,\"order\":\"desc\",\"orderBy\":\"1\",\"customLabel\":\"Team\"}},{\"id\":\"3\",\"enabled\":true,\"type\":\"terms\",\"schema\":\"group\",\"params\":{\"field\":\"performerName.keyword\",\"size\":5,\"order\":\"desc\",\"orderBy\":\"1\"}}],\"listeners\":{}}",
      "uiStateJSON": "{}",
      "description": "IBM BPM",
      "savedSearchId": "UserTaskSummary",
      "version": 1,
      "kibanaSavedObjectMeta": {
        "searchSourceJSON": "{\"filter\":[]}"
      }
    }
  },
  {
    "_id": "Task-by-BPM-System",
    "_type": "visualization",
    "_source": {
      "title": "Task by BPM System",
      "visState": "{\"title\":\"Task by BPM System\",\"type\":\"histogram\",\"params\":{\"shareYAxis\":true,\"addTooltip\":true,\"addLegend\":true,\"legendPosition\":\"right\",\"scale\":\"linear\",\"mode\":\"stacked\",\"times\":[],\"addTimeMarker\":false,\"defaultYExtents\":false,\"setYExtents\":false,\"yAxis\":{}},\"aggs\":[{\"id\":\"1\",\"enabled\":true,\"type\":\"count\",\"schema\":\"metric\",\"params\":{}},{\"id\":\"2\",\"enabled\":true,\"type\":\"terms\",\"schema\":\"segment\",\"params\":{\"field\":\"bpmCellName.keyword\",\"size\":5,\"order\":\"desc\",\"orderBy\":\"1\",\"customLabel\":\"BPM system\"}},{\"id\":\"3\",\"enabled\":true,\"type\":\"terms\",\"schema\":\"group\",\"params\":{\"field\":\"taskState.keyword\",\"size\":5,\"order\":\"desc\",\"orderBy\":\"1\"}}],\"listeners\":{}}",
      "uiStateJSON": "{}",
      "description": "IBM BPM",
      "savedSearchId": "UserTaskSummary",
      "version": 1,
      "kibanaSavedObjectMeta": {
        "searchSourceJSON": "{\"filter\":[]}"
      }
    }
  },
  {
    "_id": "Process-Instance-by-BPM-System",
    "_type": "visualization",
    "_source": {
      "title": "Process Instance by BPM System",
      "visState": "{\"title\":\"Process Instance by BPM System\",\"type\":\"histogram\",\"params\":{\"shareYAxis\":true,\"addTooltip\":true,\"addLegend\":true,\"legendPosition\":\"right\",\"scale\":\"linear\",\"mode\":\"stacked\",\"times\":[],\"addTimeMarker\":false,\"defaultYExtents\":false,\"setYExtents\":false,\"yAxis\":{}},\"aggs\":[{\"id\":\"1\",\"enabled\":true,\"type\":\"count\",\"schema\":\"metric\",\"params\":{}},{\"id\":\"2\",\"enabled\":true,\"type\":\"terms\",\"schema\":\"segment\",\"params\":{\"field\":\"bpmCellName.keyword\",\"size\":5,\"order\":\"desc\",\"orderBy\":\"1\",\"customLabel\":\"BPM system\"}},{\"id\":\"3\",\"enabled\":true,\"type\":\"terms\",\"schema\":\"group\",\"params\":{\"field\":\"processState.keyword\",\"size\":5,\"order\":\"desc\",\"orderBy\":\"1\"}}],\"listeners\":{}}",
      "uiStateJSON": "{}",
      "description": "IBM BPM",
      "savedSearchId": "ProcessSummary",
      "version": 1,
      "kibanaSavedObjectMeta": {
        "searchSourceJSON": "{\"filter\":[]}"
      }
    }
  },
  {
    "_id": "Hiring-Request-by-Manager",
    "_type": "visualization",
    "_source": {
      "title": "Hiring Request by Manager",
      "visState": "{\"title\":\"Hiring Request by Manager\",\"type\":\"table\",\"params\":{\"perPage\":10,\"showPartialRows\":false,\"showMeticsAtAllLevels\":false,\"sort\":{\"columnIndex\":null,\"direction\":null},\"showTotal\":false,\"totalFunc\":\"sum\"},\"aggs\":[{\"id\":\"1\",\"enabled\":true,\"type\":\"count\",\"schema\":\"metric\",\"params\":{\"customLabel\":\"Hiring Requst\"}},{\"id\":\"2\",\"enabled\":true,\"type\":\"terms\",\"schema\":\"bucket\",\"params\":{\"field\":\"trackedFields.aEmpRequisition121381434563922.HiringManager.string.keyword\",\"size\":5,\"order\":\"desc\",\"orderBy\":\"1\",\"customLabel\":\"Manager\"}}],\"listeners\":{}}",
      "uiStateJSON": "{\"vis\":{\"params\":{\"sort\":{\"columnIndex\":null,\"direction\":null}}}}",
      "description": "",
      "savedSearchId": "BusinessData",
      "version": 1,
      "kibanaSavedObjectMeta": {
        "searchSourceJSON": "{\"filter\":[]}"
      }
    }
  },
  {
    "_id": "Hiring-Request-by-Department",
    "_type": "visualization",
    "_source": {
      "title": "Hiring Request by Department",
      "visState": "{\"title\":\"Hiring Request by Department\",\"type\":\"histogram\",\"params\":{\"shareYAxis\":true,\"addTooltip\":true,\"addLegend\":true,\"legendPosition\":\"right\",\"scale\":\"linear\",\"mode\":\"stacked\",\"times\":[],\"addTimeMarker\":false,\"defaultYExtents\":false,\"setYExtents\":false,\"yAxis\":{}},\"aggs\":[{\"id\":\"1\",\"enabled\":true,\"type\":\"count\",\"schema\":\"metric\",\"params\":{\"customLabel\":\"Hiring Request\"}},{\"id\":\"2\",\"enabled\":true,\"type\":\"terms\",\"schema\":\"segment\",\"params\":{\"field\":\"trackedFields.aEmpRequisition121381434563922.EmploymentStatus.string.keyword\",\"size\":5,\"order\":\"desc\",\"orderBy\":\"1\",\"customLabel\":\"Employee Type\"}},{\"id\":\"3\",\"enabled\":true,\"type\":\"terms\",\"schema\":\"group\",\"params\":{\"field\":\"trackedFields.aEmpRequisition121381434563922.Department.string.keyword\",\"size\":5,\"order\":\"desc\",\"orderBy\":\"1\"}}],\"listeners\":{}}",
      "uiStateJSON": "{}",
      "description": "",
      "savedSearchId": "BusinessData",
      "version": 1,
      "kibanaSavedObjectMeta": {
        "searchSourceJSON": "{\"filter\":[]}"
      }
    }
  },
  {
    "_id": "Hiring-Request-by-Location",
    "_type": "visualization",
    "_source": {
      "title": "Hiring Request by Location",
      "visState": "{\"title\":\"Hiring Request by Location\",\"type\":\"histogram\",\"params\":{\"shareYAxis\":true,\"addTooltip\":true,\"addLegend\":true,\"legendPosition\":\"right\",\"scale\":\"linear\",\"mode\":\"grouped\",\"times\":[],\"addTimeMarker\":false,\"defaultYExtents\":false,\"setYExtents\":false,\"yAxis\":{}},\"aggs\":[{\"id\":\"1\",\"enabled\":true,\"type\":\"count\",\"schema\":\"metric\",\"params\":{\"customLabel\":\"Hiring Request\"}},{\"id\":\"2\",\"enabled\":true,\"type\":\"terms\",\"schema\":\"segment\",\"params\":{\"field\":\"trackedFields.aEmpRequisition121381434563922.EmploymentStatus.string.keyword\",\"size\":5,\"order\":\"desc\",\"orderBy\":\"1\",\"customLabel\":\"Employee Type\"}},{\"id\":\"3\",\"enabled\":true,\"type\":\"terms\",\"schema\":\"group\",\"params\":{\"field\":\"trackedFields.aEmpRequisition121381434563922.Location.string.keyword\",\"size\":5,\"order\":\"desc\",\"orderBy\":\"1\"}}],\"listeners\":{}}",
      "uiStateJSON": "{}",
      "description": "",
      "savedSearchId": "BusinessData",
      "version": 1,
      "kibanaSavedObjectMeta": {
        "searchSourceJSON": "{\"filter\":[]}"
      }
    }
  },
  {
    "_id": "Approval-Rate",
    "_type": "visualization",
    "_source": {
      "title": "Approval Rate",
      "visState": "{\"title\":\"Approval Rate\",\"type\":\"pie\",\"params\":{\"shareYAxis\":true,\"addTooltip\":true,\"addLegend\":true,\"legendPosition\":\"right\",\"isDonut\":false},\"aggs\":[{\"id\":\"1\",\"enabled\":true,\"type\":\"count\",\"schema\":\"metric\",\"params\":{\"customLabel\":\"Approval Rate\"}},{\"id\":\"2\",\"enabled\":true,\"type\":\"terms\",\"schema\":\"segment\",\"params\":{\"field\":\"trackedFields.aEmpRequisition121381434563922.GMApproval.boolean\",\"size\":5,\"order\":\"desc\",\"orderBy\":\"1\",\"customLabel\":\"GM Approval\"}},{\"id\":\"3\",\"enabled\":true,\"type\":\"terms\",\"schema\":\"segment\",\"params\":{\"field\":\"trackedFields.aEmpRequisition121381434563922.HiringManager.string.keyword\",\"size\":5,\"order\":\"desc\",\"orderBy\":\"1\"}}],\"listeners\":{}}",
      "uiStateJSON": "{}",
      "description": "",
      "savedSearchId": "BusinessData",
      "version": 1,
      "kibanaSavedObjectMeta": {
        "searchSourceJSON": "{\"filter\":[]}"
      }
    }
  }
]